<?xml version="1.0" encoding="UTF-8"?><MD_Metadata xmlns:gts="http://www.isotc211.org/2005/gts" xmlns:gco="http://www.isotc211.org/2005/gco" xmlns:xalan="http://xml.apache.org/xalan" xmlns:srv="http://www.isotc211.org/2005/srv" xmlns:gmx="http://www.isotc211.org/2005/gmx" xmlns:xlink="http://www.w3.org/1999/xlink" xmlns:xsi="http://www.w3.org/2001/XMLSchema-instance" xmlns:gml="http://www.opengis.net/gml" xmlns="http://www.isotc211.org/2005/gmd">
    <characterSet>
        <MD_CharacterSetCode codeList="http://www.isotc211.org/2005/resources/Codelist/gmxCodelists.xml#MD_CharacterSetCode" codeListValue="utf8" codeSpace="ISOTC211/19115">utf8</MD_CharacterSetCode>
    </characterSet>
    <hierarchyLevel>
        <MD_ScopeCode codeList="http://www.isotc211.org/2005/resources/Codelist/gmxCodelists.xml#MD_ScopeCode" codeListValue="dataset" codeSpace="ISOTC211/19115">dataset</MD_ScopeCode>
    </hierarchyLevel>
    <hierarchyLevelName>
        <gco:CharacterString>dataset</gco:CharacterString>
    </hierarchyLevelName>
    <contact gco:nilReason="missing"/>
    <dateStamp gco:nilReason="missing"/>
    <metadataStandardName>
        <gco:CharacterString>ISO 19139 Geographic Information - Metadata - Implementation Specification</gco:CharacterString>
    </metadataStandardName>
    <metadataStandardVersion>
        <gco:CharacterString>2007</gco:CharacterString>
    </metadataStandardVersion>
    <identificationInfo>
        <MD_DataIdentification>
            <citation gco:nilReason="missing"/>
            <abstract>
                <gco:CharacterString>**NOTE: This feature service has replaced &amp;quot;School Districts - Washington State&amp;quot;.**This data was compiled by the Washington Office of Superintendent of Public Instruction (OSPI) to provide boundary and attribute information for the 295 Public School Districts in the State of Washington. The polygons are our best representation of current district boundaries based on legal descriptions, county, and other available GIS data. Users should contact the local school district(s) to confirm the interpretation of district boundaries in questions.Attribute definitions with alias in [ ] and source in ():OrganizationId [Organization Id] - Unique organization code for database purposes (EDS)ESDCode [ESD Code] - Educational Service District unique code (EDS)ESDNum [ESD Number] - Educational Service District numberESDName [ESD Name] - Educational Service District name (EDS)LEACode [LEA Code] - Local Educational Authority/District unique code (EDS)LEAName [LEA Name] - Local Educational Authority/District name (EDS)ShortName [Short Name] - Abbreviated District name (Calculated)PhysicalAddress [School Physical Address]- Physical Address of school (EDS)MailingAddress [School Mailing Address] - Mailing Address of school (EDS)AdministratorName [Administrator Name] - School Administrator's name (EDS)AdministratorEmail [Administrator Email] - School Administrator's email (EDS)Phone [Phone] - District phone (EDS)Website [Website] - District website URL (Edited)County [County] - Primary District County (EDS)Counties [All Counties] - All Counties with areas in District (GIS)CongressionalDistricts [Congressional Districts] - All Congressional Districts with areas in District (EDS)LegislativeDistricts [Legislative Districts] - All Legislative Districts with areas in District (EDS)Type [Type] - Type of School District: Public School District, Charter District, or Tribal Compact (EDS)TransportationRegion [Transportation Region] - Transportation Coordinator Regions</gco:CharacterString>
            </abstract>
            <purpose>
                <gco:CharacterString>This feature service represents the boundaries of all 295 Public School Districts in Washington State.</gco:CharacterString>
            </purpose>
            <descriptiveKeywords>
                <MD_Keywords>
                    <keyword>
                        <gco:CharacterString>School Districts</gco:CharacterString>
                    </keyword>
                    <keyword>
                        <gco:CharacterString>OSPI</gco:CharacterString>
                    </keyword>
                    <keyword>
                        <gco:CharacterString>Office of Superintendent of Public Instruction</gco:CharacterString>
                    </keyword>
                    <keyword>
                        <gco:CharacterString>Washington State</gco:CharacterString>
                    </keyword>
                    <keyword>
                        <gco:CharacterString>Education</gco:CharacterString>
                    </keyword>
                    <keyword>
                        <gco:CharacterString>Schools</gco:CharacterString>
                    </keyword>
                    <keyword>
                        <gco:CharacterString>Boundaries</gco:CharacterString>
                    </keyword>
                </MD_Keywords>
            </descriptiveKeywords>
            <language gco:nilReason="missing"/>
            <characterSet>
                <MD_CharacterSetCode codeList="http://www.isotc211.org/2005/resources/Codelist/gmxCodelists.xml#MD_CharacterSetCode" codeListValue="utf8" codeSpace="ISOTC211/19115">utf8</MD_CharacterSetCode>
            </characterSet>
        </MD_DataIdentification>
    </identificationInfo>
</MD_Metadata>
